Time [s],Temp. [°C],A1,A2,A3,A4,A5,A6,A7,A8,A9,A10,A11,A12,B1,B2,B3,B4,B5,B6,B7,B8,B9,B10,B11,B12,C1,C2,C3,C4,C5,C6,C7,C8,C9,C10,C11,C12,D1,D2,D3,D4,D5,D6,D7,D8,D9,D10,D11,D12,E1,E2,E3,E4,E5,E6,E7,E8,E9,E10,E11,E12,F1,F2,F3,F4,F5,F6,F7,F8,F9,F10,F11,F12,G1,G2,G3,G4,G5,G6,G7,G8,G9,G10,G11,G12,H1,H2,H3,H4,H5,H6,H7,H8,H9,H10,H11,H12
0,31.2,0.0597,0.0597,0.0633,0.0589,0.0596,0.0594,0.0597,0.0604,0.0607,0.0599,0.0611,0.0602,0.0613,0.0661,0.0651,0.0618,0.0627,0.0642,0.0581,0.0623,0.0649,0.064,0.069,0.0628,0.0679,0.0704,0.0639,0.0613,0.0674,0.0651,0.0564,0.0713,0.0655,0.061,0.0639,0.0628,0.0624,0.0651,0.075,0.0623,0.0634,0.0661,0.0601,0.0676,0.0672,0.0701,0.0729,0.0664,0.0674,0.0668,0.0661,0.0628,0.0673,0.0662,0.0607,0.0652,0.0686,0.0693,0.0721,0.063,0.0628,0.0667,0.0659,0.0615,0.0725,0.0657,0.0609,0.072,0.0684,0.0711,0.0705,0.0642,0.0671,0.0685,0.079,0.0657,0.0692,0.0727,0.0682,0.0701,0.069,0.0686,0.0688,0.0649,0.0664,0.0748,0.074,0.0662,0.0686,0.0689,0.0639,0.0684,0.0675,0.0725,0.0706,0.073
1200.031,37.1,0.0599,0.0594,0.063,0.0589,0.0596,0.0591,0.059,0.0589,0.0587,0.0587,0.0591,0.0584,0.0599,0.0652,0.0658,0.0621,0.0624,0.0636,0.0565,0.0592,0.0613,0.0616,0.0632,0.0591,0.0616,0.0668,0.065,0.0656,0.0681,0.0644,0.0556,0.0681,0.062,0.0608,0.0628,0.0643,0.0612,0.0638,0.0732,0.0638,0.063,0.0645,0.0566,0.0597,0.0616,0.0635,0.0627,0.0609,0.0651,0.0711,0.0687,0.064,0.0673,0.0674,0.0574,0.0616,0.0634,0.0657,0.0697,0.0606,0.0628,0.0671,0.0667,0.0626,0.0733,0.0645,0.0573,0.0663,0.0608,0.0631,0.0626,0.0603,0.0695,0.073,0.0785,0.0678,0.0706,0.07,0.0642,0.066,0.0659,0.0652,0.0657,0.0623,0.0672,0.0739,0.0767,0.0685,0.0722,0.0709,0.0618,0.0651,0.0652,0.0644,0.0616,0.0624
2400.052,37.2,0.0598,0.0593,0.063,0.0588,0.0593,0.0589,0.0589,0.059,0.0588,0.0586,0.0589,0.0582,0.0598,0.0663,0.0666,0.0632,0.0633,0.0646,0.0568,0.0603,0.0617,0.0609,0.0613,0.0592,0.0618,0.0681,0.0658,0.0663,0.0692,0.0654,0.0561,0.0688,0.0627,0.0618,0.0632,0.0636,0.0613,0.0645,0.0739,0.064,0.064,0.0662,0.0569,0.0609,0.0623,0.0646,0.062,0.0607,0.0651,0.0718,0.069,0.0649,0.0689,0.0687,0.0581,0.0624,0.0642,0.0665,0.0659,0.0604,0.0625,0.0682,0.0675,0.0633,0.0738,0.0659,0.0578,0.0668,0.0615,0.0637,0.0618,0.0602,0.0694,0.0731,0.0759,0.068,0.0709,0.0708,0.0645,0.0663,0.0664,0.0656,0.0655,0.0617,0.0668,0.0788,0.0814,0.0733,0.0771,0.077,0.064,0.0687,0.0647,0.0623,0.0598,0.0623
3600.075,37.2,0.0598,0.0592,0.0629,0.0586,0.0592,0.0586,0.0586,0.0587,0.0586,0.0585,0.0588,0.058,0.0597,0.068,0.0683,0.065,0.0653,0.0665,0.0577,0.0618,0.062,0.0596,0.0599,0.059,0.0613,0.0689,0.0684,0.0677,0.0705,0.0666,0.0573,0.0702,0.0645,0.0632,0.0633,0.0617,0.0615,0.0657,0.0752,0.0659,0.0657,0.0674,0.058,0.062,0.0642,0.0653,0.0602,0.0606,0.0647,0.0727,0.0711,0.0659,0.07,0.0703,0.0592,0.0639,0.0675,0.0673,0.0598,0.0601,0.0624,0.0687,0.0681,0.0644,0.075,0.0671,0.0587,0.068,0.063,0.0642,0.0605,0.0601,0.0693,0.0737,0.0753,0.0684,0.0712,0.0713,0.0647,0.0678,0.067,0.0669,0.0656,0.0614,0.067,0.0863,0.0891,0.0818,0.086,0.0864,0.0645,0.0747,0.0625,0.062,0.0588,0.0619
4800.095,37.2,0.0599,0.059,0.0629,0.0586,0.0589,0.0586,0.0586,0.0586,0.0585,0.0584,0.0587,0.0579,0.0597,0.0701,0.0706,0.0676,0.0684,0.07,0.0592,0.0642,0.0615,0.0592,0.0592,0.0589,0.0681,0.0703,0.0687,0.0691,0.072,0.0687,0.0594,0.0726,0.0674,0.0659,0.0644,0.0616,0.0614,0.067,0.0768,0.0675,0.0673,0.0699,0.06,0.0646,0.0667,0.0661,0.059,0.0604,0.0652,0.0737,0.0716,0.0681,0.0714,0.0729,0.0609,0.0662,0.0683,0.0675,0.0589,0.0599,0.0623,0.0701,0.0694,0.0657,0.0766,0.0694,0.0604,0.0701,0.0657,0.0639,0.0594,0.06,0.069,0.075,0.0784,0.0694,0.0725,0.0727,0.0657,0.0694,0.0691,0.0691,0.067,0.0611,0.0665,0.095,0.0978,0.091,0.0973,0.0972,0.0622,0.0765,0.0618,0.0611,0.0575,0.0619
6000.124,37.2,0.0596,0.0589,0.0628,0.0584,0.0589,0.0586,0.0585,0.0585,0.0583,0.0584,0.0586,0.0578,0.0595,0.0731,0.0743,0.0723,0.0735,0.0746,0.0592,0.0675,0.0599,0.059,0.0588,0.0587,0.0654,0.0728,0.0712,0.0712,0.075,0.0717,0.0622,0.076,0.0709,0.0705,0.0652,0.0615,0.0608,0.0692,0.079,0.0708,0.0707,0.0744,0.0628,0.0679,0.0699,0.0656,0.059,0.0602,0.0649,0.076,0.074,0.0711,0.0747,0.077,0.0635,0.0696,0.072,0.066,0.0583,0.0597,0.0621,0.072,0.0711,0.0683,0.0792,0.0749,0.0626,0.0725,0.0685,0.0631,0.059,0.0598,0.0692,0.0764,0.0776,0.071,0.0742,0.0751,0.0677,0.0714,0.0731,0.0731,0.0694,0.0608,0.0655,0.1031,0.1088,0.0944,0.1087,0.1077,0.0594,0.0777,0.0611,0.0608,0.0571,0.0613
7200.145,37.3,0.0597,0.0587,0.0625,0.0583,0.0586,0.0584,0.0584,0.0585,0.0583,0.0582,0.0583,0.0577,0.0596,0.0777,0.0785,0.0789,0.0803,0.0819,0.0576,0.0693,0.0589,0.06,0.0586,0.0587,0.0634,0.0755,0.0736,0.0745,0.078,0.076,0.0662,0.0809,0.0769,0.0751,0.0639,0.0614,0.0615,0.072,0.0821,0.075,0.0762,0.0808,0.0664,0.072,0.0742,0.0633,0.0581,0.0604,0.0653,0.0788,0.077,0.0753,0.0802,0.0822,0.067,0.0736,0.0757,0.0637,0.0664,0.0596,0.0621,0.0744,0.0738,0.0721,0.0835,0.0811,0.0655,0.0771,0.0725,0.0616,0.0584,0.06,0.0688,0.079,0.0796,0.0725,0.076,0.0773,0.0702,0.0752,0.0769,0.0768,0.0726,0.0605,0.0661,0.1152,0.1169,0.0984,0.1082,0.1164,0.0587,0.0703,0.0608,0.0606,0.0571,0.062
8400.187,37.2,0.0595,0.0586,0.0623,0.0581,0.0585,0.0582,0.0583,0.0584,0.0582,0.0582,0.0582,0.0577,0.0596,0.0837,0.0846,0.0861,0.0896,0.0917,0.056,0.0663,0.0588,0.0588,0.0583,0.0586,0.0653,0.0805,0.079,0.0788,0.0833,0.0818,0.0715,0.0879,0.0843,0.0819,0.0617,0.0612,0.0614,0.0761,0.0862,0.0808,0.0826,0.0887,0.0712,0.0784,0.0743,0.0619,0.0578,0.0599,0.065,0.0834,0.0805,0.0814,0.0852,0.0887,0.0706,0.0803,0.0751,0.0625,0.0663,0.0594,0.0616,0.0781,0.0767,0.0769,0.0891,0.0839,0.0686,0.0819,0.0708,0.061,0.0581,0.0598,0.0682,0.0823,0.0828,0.0756,0.0798,0.0812,0.074,0.0803,0.0825,0.0836,0.0765,0.0602,0.0649,0.1285,0.1269,0.1318,0.1602,0.1434,0.0574,0.067,0.0602,0.0603,0.0568,0.0611
9600.211,37.2,0.0596,0.0585,0.0621,0.058,0.0584,0.0581,0.0582,0.0584,0.0581,0.0582,0.0582,0.0578,0.0597,0.0921,0.095,0.0958,0.0981,0.1043,0.055,0.0629,0.0585,0.0587,0.0585,0.0586,0.0672,0.0873,0.0851,0.0854,0.0903,0.09,0.0787,0.0943,0.0931,0.0871,0.0601,0.0613,0.0614,0.0815,0.0919,0.0898,0.0924,0.0993,0.0743,0.0849,0.07,0.0616,0.0578,0.06,0.0654,0.0895,0.0862,0.0896,0.1013,0.0986,0.0746,0.0856,0.0706,0.0619,0.0659,0.0593,0.0619,0.0834,0.0818,0.0829,0.0961,0.0947,0.0703,0.0868,0.0674,0.0607,0.0582,0.0598,0.069,0.0872,0.0866,0.0793,0.0843,0.086,0.0775,0.0858,0.0909,0.0901,0.0812,0.0599,0.0652,0.1641,0.1478,0.2051,0.2163,0.1983,0.0569,0.0649,0.0602,0.0601,0.0568,0.0612
10800.231,37.3,0.0593,0.0585,0.0621,0.058,0.0585,0.0581,0.0582,0.0583,0.0581,0.0581,0.0581,0.0577,0.0594,0.1032,0.1075,0.1058,0.1074,0.1158,0.0547,0.0606,0.0583,0.0586,0.0583,0.0584,0.0627,0.0955,0.094,0.0943,0.1003,0.1015,0.0836,0.1051,0.104,0.0857,0.0593,0.0612,0.0614,0.0886,0.0993,0.0984,0.1037,0.1089,0.0751,0.0923,0.0661,0.0611,0.0579,0.0599,0.0651,0.0967,0.0933,0.098,0.1068,0.1082,0.0743,0.0927,0.0663,0.0615,0.0659,0.0591,0.0616,0.0896,0.0876,0.0904,0.1044,0.1032,0.0704,0.0929,0.065,0.061,0.0579,0.0598,0.0684,0.0942,0.093,0.0849,0.0903,0.0936,0.0827,0.0934,0.098,0.0984,0.0853,0.0598,0.0649,0.1834,0.2416,0.1988,0.1417,0.4465,0.0572,0.0636,0.06,0.0598,0.0566,0.0614
12000.254,37.3,0.0592,0.0584,0.0619,0.058,0.0582,0.0581,0.0582,0.0584,0.0582,0.0582,0.0581,0.0578,0.0594,0.1192,0.1224,0.1148,0.1233,0.1272,0.0543,0.0599,0.0582,0.0585,0.0581,0.0585,0.0615,0.1079,0.1059,0.1069,0.1148,0.1175,0.0918,0.1147,0.1153,0.0791,0.0591,0.0612,0.0613,0.0989,0.1099,0.1083,0.1176,0.1249,0.0731,0.0974,0.0641,0.0608,0.0576,0.0596,0.065,0.1075,0.1031,0.1071,0.1224,0.1211,0.073,0.0974,0.0642,0.0612,0.0651,0.0591,0.061,0.0974,0.0955,0.0991,0.1154,0.1127,0.0686,0.0965,0.0644,0.0602,0.0577,0.0594,0.0682,0.1028,0.1017,0.0926,0.1003,0.1042,0.088,0.1031,0.1092,0.1123,0.0877,0.0595,0.0635,0.2405,0.3061,0.2338,0.1591,0.2357,0.0561,0.0625,0.0599,0.0599,0.0567,0.0606
13200.275,37.3,0.059,0.0583,0.0617,0.0579,0.0581,0.058,0.0581,0.0582,0.0581,0.0583,0.0581,0.0577,0.0595,0.1396,0.1457,0.1267,0.1341,0.1318,0.054,0.0594,0.058,0.0586,0.0579,0.0584,0.0658,0.1234,0.1214,0.1219,0.1335,0.1377,0.1006,0.1276,0.1262,0.0755,0.0587,0.0612,0.0613,0.1114,0.1229,0.1211,0.1337,0.1392,0.0703,0.1028,0.0629,0.0605,0.0574,0.0596,0.0649,0.1211,0.116,0.1179,0.1373,0.1336,0.0705,0.1009,0.0627,0.0607,0.0652,0.0592,0.0614,0.1096,0.1067,0.1082,0.1264,0.1245,0.0658,0.0968,0.0628,0.0602,0.0577,0.0593,0.0676,0.1148,0.1126,0.103,0.1117,0.1174,0.0925,0.1173,0.1198,0.1238,0.0869,0.0594,0.0635,0.5995,0.7528,0.1361,0.1341,0.1754,0.0554,0.061,0.0594,0.0596,0.0566,0.0605
14400.293,37.2,0.059,0.0583,0.0616,0.0578,0.058,0.058,0.0582,0.0584,0.0582,0.0582,0.058,0.0579,0.0593,0.1675,0.176,0.1355,0.1401,0.1474,0.0538,0.0587,0.0579,0.0586,0.058,0.0584,0.0682,0.1455,0.1418,0.1439,0.1567,0.1642,0.1078,0.1384,0.1382,0.0727,0.0585,0.0613,0.061,0.1277,0.1401,0.1356,0.1513,0.1566,0.0687,0.101,0.0624,0.0603,0.0573,0.0596,0.065,0.1391,0.1326,0.1298,0.1506,0.1507,0.0686,0.0985,0.0624,0.0605,0.0647,0.0589,0.0608,0.1243,0.1206,0.1179,0.1392,0.138,0.0648,0.0946,0.0628,0.06,0.0576,0.0595,0.0675,0.1309,0.1267,0.1163,0.1267,0.134,0.0975,0.1312,0.1334,0.1378,0.0834,0.0593,0.0639,0.7559,0.866,0.1423,0.1279,0.1499,0.0552,0.0605,0.0594,0.0596,0.0566,0.0606
15600.363,37.3,0.0589,0.0583,0.0617,0.0579,0.0581,0.058,0.0581,0.0583,0.0581,0.0583,0.058,0.0579,0.0593,0.2031,0.2139,0.1384,0.1459,0.1507,0.0538,0.0586,0.0575,0.0585,0.0578,0.0584,0.0698,0.1712,0.1689,0.1716,0.1864,0.2008,0.1098,0.146,0.1439,0.0711,0.0583,0.0613,0.0609,0.1498,0.1641,0.1439,0.1705,0.1696,0.0675,0.1014,0.0619,0.0601,0.0571,0.0594,0.0647,0.1608,0.1552,0.1376,0.1706,0.163,0.0668,0.097,0.062,0.0603,0.0645,0.0589,0.0608,0.1435,0.1394,0.129,0.1543,0.1501,0.0623,0.0929,0.0622,0.0599,0.0576,0.0593,0.0668,0.1515,0.1457,0.1337,0.1476,0.1574,0.1055,0.1538,0.1454,0.15,0.0795,0.0592,0.0634,0.8252,0.8927,0.1264,0.1782,0.1525,0.0551,0.061,0.0594,0.0597,0.0568,0.0602
16800.433,37.4,0.059,0.0583,0.0618,0.0579,0.058,0.0579,0.0583,0.0585,0.0582,0.0585,0.0581,0.058,0.0593,0.2554,0.2699,0.1471,0.1491,0.1541,0.0535,0.0583,0.0579,0.0586,0.0578,0.0585,0.0673,0.2083,0.2066,0.208,0.2293,0.2484,0.1094,0.1484,0.1457,0.0692,0.0582,0.0613,0.0609,0.1795,0.1925,0.1487,0.186,0.176,0.0657,0.1004,0.0616,0.06,0.0572,0.0595,0.0647,0.1921,0.184,0.1458,0.1947,0.1691,0.0654,0.0951,0.0614,0.06,0.0644,0.0589,0.0609,0.1683,0.1622,0.1343,0.1627,0.1592,0.0614,0.0907,0.0617,0.0598,0.0575,0.0593,0.0669,0.1783,0.1698,0.1573,0.1747,0.1878,0.1174,0.1819,0.1474,0.1606,0.0753,0.0591,0.0638,0.9988,1.112,0.1767,0.1157,0.1415,0.0557,0.0598,0.0594,0.0595,0.0567,0.0603
18000.503,37.3,0.0589,0.0583,0.0617,0.058,0.0581,0.058,0.0582,0.0584,0.0583,0.0584,0.058,0.058,0.0593,0.3094,0.33,0.1424,0.1519,0.1481,0.0534,0.0579,0.0576,0.0587,0.0577,0.0584,0.0671,0.2586,0.2518,0.2553,0.2802,0.2956,0.111,0.1459,0.1451,0.0691,0.058,0.0613,0.0608,0.2162,0.2332,0.1507,0.21,0.1839,0.065,0.0971,0.0613,0.06,0.0569,0.0595,0.0644,0.233,0.2202,0.1474,0.2117,0.173,0.0645,0.0923,0.0613,0.06,0.064,0.0588,0.0608,0.2013,0.1948,0.1374,0.1701,0.161,0.0606,0.0879,0.0613,0.0596,0.0573,0.0593,0.0671,0.2155,0.2045,0.1898,0.2114,0.2293,0.1308,0.2194,0.1507,0.1663,0.0718,0.0591,0.0634,1.1918,1.218,0.1392,0.1648,0.1458,0.0546,0.0602,0.0595,0.0596,0.0568,0.0602
19200.563,37.3,0.0586,0.0581,0.0616,0.0579,0.0579,0.0579,0.0582,0.0583,0.0582,0.0583,0.0581,0.058,0.0592,0.3724,0.3866,0.1432,0.1485,0.1548,0.0533,0.058,0.0574,0.0585,0.0576,0.0584,0.0702,0.3108,0.3039,0.3081,0.3355,0.3603,0.109,0.1459,0.1439,0.0687,0.058,0.0613,0.0607,0.2602,0.2802,0.1476,0.2218,0.1779,0.0643,0.0956,0.0608,0.0599,0.0569,0.0593,0.0641,0.2803,0.2681,0.1423,0.2093,0.171,0.0636,0.0895,0.0608,0.0598,0.0641,0.0588,0.0605,0.2415,0.2332,0.1348,0.1732,0.1604,0.0599,0.0859,0.0588,0.0595,0.0574,0.0592,0.0664,0.2578,0.2447,0.2285,0.2548,0.2747,0.1499,0.2622,0.145,0.1667,0.0687,0.059,0.0631,0.8993,0.8992,0.1317,0.1396,0.1446,0.0545,0.0602,0.0589,0.0598,0.0569,0.0601
20400.621,37.3,0.0589,0.0585,0.0614,0.0579,0.0579,0.0579,0.0582,0.0584,0.0582,0.0584,0.058,0.0581,0.0594,0.4453,0.4581,0.1393,0.1467,0.1447,0.0536,0.0577,0.0575,0.0587,0.0579,0.0584,0.0649,0.3751,0.3678,0.369,0.4009,0.4254,0.1089,0.1438,0.1451,0.0676,0.0577,0.0613,0.0609,0.3118,0.3352,0.1466,0.2293,0.1775,0.0637,0.0929,0.0609,0.0599,0.0568,0.0594,0.064,0.3397,0.3202,0.1393,0.2158,0.1674,0.0627,0.0879,0.0609,0.0598,0.0644,0.0588,0.0607,0.2906,0.2801,0.1354,0.1735,0.1601,0.0593,0.0841,0.0588,0.0594,0.0574,0.0594,0.0651,0.3107,0.29,0.2742,0.3038,0.3267,0.1735,0.3105,0.1427,0.1635,0.0675,0.0589,0.0636,0.9748,0.9742,0.1139,0.134,0.1387,0.0543,0.0593,0.0592,0.0597,0.0568,0.0602
21600.665,37.3,0.0588,0.0583,0.0614,0.0579,0.058,0.058,0.0582,0.0584,0.0583,0.0585,0.0581,0.0581,0.0594,0.5224,0.5368,0.1405,0.1492,0.1439,0.0531,0.0577,0.0577,0.059,0.0576,0.0585,0.0606,0.4447,0.4341,0.4414,0.4775,0.5043,0.1061,0.1451,0.1425,0.0671,0.0576,0.0614,0.0607,0.3709,0.401,0.1453,0.241,0.1787,0.0631,0.0901,0.0608,0.0598,0.0567,0.0594,0.0641,0.3995,0.3822,0.1367,0.2295,0.1668,0.0621,0.0864,0.0607,0.0596,0.0643,0.059,0.0606,0.3496,0.3361,0.1327,0.1737,0.1584,0.059,0.0834,0.0588,0.0595,0.0572,0.0592,0.0658,0.3667,0.3508,0.3246,0.3596,0.3886,0.2078,0.3685,0.1412,0.1634,0.066,0.0589,0.0633,1.0376,1.0355,0.1102,0.1189,0.1328,0.0542,0.0592,0.059,0.0596,0.0569,0.0599
22800.713,37.2,0.0588,0.0582,0.0615,0.058,0.0579,0.0581,0.0582,0.0584,0.0583,0.0584,0.0581,0.0583,0.0595,0.6142,0.6122,0.1366,0.1472,0.1404,0.0531,0.0575,0.0576,0.0587,0.0578,0.0586,0.0682,0.519,0.5073,0.5107,0.5491,0.5656,0.1061,0.1429,0.143,0.0668,0.0574,0.0614,0.061,0.4327,0.4677,0.142,0.2518,0.1761,0.062,0.0899,0.0606,0.0599,0.0567,0.0595,0.0644,0.4645,0.4438,0.1339,0.246,0.1639,0.0618,0.0836,0.0604,0.0594,0.0645,0.0588,0.0608,0.4093,0.3971,0.1323,0.1707,0.16,0.0584,0.0813,0.0626,0.0594,0.0574,0.0594,0.0657,0.4292,0.4058,0.3828,0.4215,0.4479,0.2456,0.4341,0.1376,0.163,0.0656,0.0588,0.064,1.118,1.1132,0.1212,0.14,0.1315,0.0542,0.0596,0.0592,0.0596,0.057,0.0604
24000.75,37.2,0.0589,0.0583,0.0615,0.0581,0.058,0.058,0.0584,0.0586,0.0583,0.0585,0.0583,0.0583,0.0594,0.6841,0.6739,0.1364,0.1436,0.1384,0.0643,0.0573,0.0574,0.0587,0.0577,0.0586,0.067,0.5929,0.5814,0.5666,0.6026,0.6277,0.1053,0.1402,0.14,0.0663,0.0574,0.0616,0.0611,0.5052,0.5425,0.1381,0.2622,0.1745,0.0613,0.087,0.0605,0.0598,0.0569,0.0596,0.0642,0.5402,0.516,0.13,0.2578,0.1622,0.0617,0.0834,0.0603,0.0595,0.066,0.0589,0.0608,0.4748,0.4606,0.1286,0.1662,0.1567,0.0583,0.0806,0.0627,0.0593,0.0572,0.0594,0.0646,0.4962,0.4781,0.4471,0.4861,0.5155,0.2888,0.4837,0.1338,0.1569,0.0654,0.0589,0.0633,1.1827,1.1906,0.1147,0.1107,0.1313,0.054,0.0595,0.059,0.0598,0.0571,0.0603
25200.783,37.2,0.0588,0.0586,0.0615,0.058,0.058,0.0581,0.0583,0.0586,0.0584,0.0586,0.0582,0.0584,0.0594,0.7642,0.7355,0.137,0.1433,0.1353,0.053,0.0573,0.0576,0.0589,0.0578,0.0586,0.061,0.6512,0.632,0.6297,0.6596,0.6815,0.105,0.137,0.1389,0.0658,0.0573,0.0616,0.0608,0.5588,0.6041,0.1332,0.2762,0.1676,0.061,0.0852,0.0603,0.0598,0.0566,0.0596,0.0638,0.6001,0.5738,0.1252,0.2557,0.1555,0.0604,0.0825,0.0605,0.0594,0.057,0.0589,0.0605,0.5476,0.5348,0.1261,0.1633,0.1535,0.058,0.0794,0.0587,0.0593,0.0573,0.0593,0.0645,0.5556,0.5412,0.4945,0.5342,0.564,0.34,0.5373,0.131,0.1565,0.066,0.059,0.063,1.2413,1.2501,0.1225,0.1103,0.1258,0.0539,0.0594,0.059,0.0597,0.0572,0.0601
26400.829,37.2,0.0589,0.0584,0.0615,0.0581,0.0581,0.0581,0.0585,0.0587,0.0585,0.0587,0.0582,0.0585,0.0597,0.8022,0.7933,0.1359,0.1406,0.1342,0.0531,0.0574,0.0577,0.0589,0.0577,0.0588,0.0606,0.7056,0.6998,0.6683,0.7006,0.7227,0.1032,0.1336,0.1357,0.0651,0.0574,0.0616,0.0609,0.6183,0.6572,0.13,0.2879,0.168,0.0609,0.0849,0.0606,0.0597,0.0567,0.0596,0.0643,0.6637,0.6283,0.1219,0.2673,0.1514,0.0605,0.0805,0.0601,0.0596,0.057,0.0589,0.0608,0.5903,0.5791,0.1231,0.1587,0.1488,0.0576,0.0782,0.0585,0.0593,0.0572,0.0593,0.0656,0.6078,0.5771,0.5472,0.584,0.617,0.3788,0.5798,0.126,0.1524,0.0637,0.0589,0.0634,1.2889,1.3014,0.1098,0.1099,0.1229,0.0538,0.0593,0.059,0.0598,0.0574,0.0603
27600.857,37.3,0.059,0.0585,0.0614,0.0581,0.0581,0.0581,0.0585,0.0587,0.0585,0.0586,0.0584,0.0586,0.0597,0.847,0.8228,0.132,0.137,0.1305,0.0531,0.0574,0.0576,0.0589,0.0578,0.0587,0.066,0.7489,0.7333,0.7057,0.7386,0.7549,0.1028,0.1324,0.133,0.0654,0.0572,0.0617,0.061,0.6661,0.7167,0.1295,0.3021,0.1601,0.0604,0.0834,0.0603,0.0597,0.0568,0.0595,0.0637,0.7075,0.6817,0.118,0.3096,0.1493,0.0594,0.0796,0.06,0.0594,0.0594,0.0589,0.0609,0.6569,0.6467,0.1216,0.1562,0.1466,0.0571,0.0776,0.0584,0.0593,0.0574,0.0594,0.0637,0.6541,0.6481,0.5996,0.6322,0.6578,0.4201,0.6175,0.1253,0.1491,0.0637,0.0589,0.0636,1.3293,1.3424,0.1079,0.1099,0.1226,0.0539,0.0589,0.0592,0.0599,0.0576,0.0602
28800.889,37.2,0.0591,0.0586,0.0616,0.0582,0.0582,0.0582,0.0586,0.0588,0.0586,0.0587,0.0583,0.0586,0.0597,0.8909,0.8563,0.1261,0.1349,0.1329,0.0532,0.0571,0.0577,0.059,0.0579,0.0588,0.0603,0.7894,0.7767,0.7406,0.7728,0.7825,0.0994,0.13,0.1321,0.0651,0.0572,0.0617,0.0611,0.7033,0.7539,0.1233,0.3235,0.1564,0.0601,0.0819,0.0603,0.0598,0.057,0.0597,0.0636,0.7483,0.7205,0.1165,0.3148,0.1461,0.0593,0.078,0.06,0.0592,0.0572,0.0589,0.0612,0.7016,0.6907,0.1179,0.1556,0.1433,0.0573,0.0765,0.0584,0.0594,0.0573,0.0595,0.0656,0.7019,0.6817,0.6357,0.673,0.6987,0.4599,0.6501,0.1231,0.1451,0.0634,0.0589,0.0641,1.3645,1.3733,0.1067,0.1098,0.1196,0.0539,0.0595,0.0593,0.06,0.0577,0.0604
30000.921,37.2,0.0591,0.0586,0.0615,0.0584,0.0581,0.0583,0.0586,0.0588,0.0586,0.0588,0.0584,0.0588,0.0597,0.9106,0.869,0.127,0.1361,0.131,0.0529,0.0572,0.0577,0.0591,0.0578,0.0589,0.0639,0.8247,0.8102,0.7748,0.8057,0.8178,0.099,0.1262,0.1288,0.0647,0.0571,0.0618,0.0609,0.7348,0.7876,0.1201,0.3348,0.1525,0.0593,0.081,0.0601,0.0598,0.0569,0.0597,0.0633,0.782,0.7553,0.113,0.3271,0.1406,0.0591,0.0774,0.0597,0.0593,0.057,0.059,0.0608,0.7366,0.7313,0.1166,0.1533,0.143,0.0571,0.0753,0.0586,0.0594,0.0574,0.0595,0.0642,0.7373,0.7177,0.6715,0.7047,0.7332,0.4929,0.6819,0.1235,0.1422,0.065,0.0589,0.0635,1.3932,1.4024,0.1068,0.1091,0.121,0.054,0.0594,0.0594,0.0601,0.0578,0.0607
31200.947,37.2,0.0592,0.0587,0.0616,0.0583,0.0582,0.0583,0.0588,0.0589,0.0587,0.0589,0.0585,0.0588,0.0598,0.926,0.8947,0.1247,0.1348,0.1242,0.0529,0.0572,0.0577,0.0591,0.0579,0.0589,0.0667,0.8537,0.8408,0.8083,0.8364,0.8368,0.0966,0.1257,0.1244,0.0648,0.0571,0.0619,0.0611,0.7716,0.8238,0.1185,0.3644,0.1511,0.059,0.079,0.0601,0.0598,0.0569,0.0598,0.0637,0.8149,0.7882,0.111,0.3482,0.1388,0.0584,0.0754,0.0598,0.0592,0.0572,0.0591,0.0607,0.7833,0.7742,0.116,0.1532,0.1418,0.0572,0.0759,0.0584,0.0594,0.0575,0.0596,0.0641,0.7775,0.7604,0.7124,0.7463,0.7721,0.5327,0.7168,0.1244,0.1421,0.0625,0.059,0.0639,1.4227,1.4294,0.1053,0.1067,0.1202,0.0538,0.0594,0.0593,0.0603,0.0579,0.0608
32400.972,37.2,0.0592,0.0588,0.0616,0.0584,0.0582,0.0584,0.0588,0.0589,0.0587,0.059,0.0586,0.0589,0.06,0.9324,0.9083,0.1231,0.1306,0.1273,0.0532,0.0569,0.0578,0.0593,0.058,0.059,0.06,0.8738,0.8657,0.8294,0.8522,0.8648,0.0956,0.1212,0.1233,0.0638,0.0573,0.062,0.061,0.798,0.8517,0.1164,0.3805,0.1479,0.0591,0.0777,0.0601,0.06,0.0571,0.0597,0.0641,0.847,0.8202,0.1074,0.3616,0.137,0.0588,0.0749,0.0595,0.0594,0.0578,0.0591,0.061,0.7991,0.7906,0.1103,0.1491,0.1375,0.0572,0.0734,0.0584,0.0596,0.0574,0.0596,0.0657,0.805,0.7857,0.7324,0.7687,0.7901,0.5577,0.732,0.1235,0.1393,0.0644,0.059,0.0639,1.4422,1.4496,0.1047,0.1079,0.118,0.0541,0.0595,0.0595,0.0605,0.0582,0.061
33600.995,37.2,0.0595,0.0587,0.0616,0.0585,0.0582,0.0583,0.0588,0.059,0.0588,0.059,0.0586,0.059,0.06,0.9595,0.9267,0.122,0.1301,0.1239,0.054,0.057,0.0579,0.0593,0.0581,0.059,0.069,0.8944,0.8858,0.8561,0.8797,0.8919,0.094,0.1196,0.1223,0.0635,0.057,0.0621,0.0611,0.8225,0.8769,0.1133,0.4016,0.1423,0.0587,0.077,0.06,0.06,0.0571,0.06,0.0636,0.8722,0.8474,0.1047,0.3896,0.1329,0.0586,0.0739,0.0596,0.0592,0.0643,0.0591,0.0613,0.8244,0.8238,0.109,0.1494,0.1368,0.0568,0.073,0.0584,0.0596,0.0575,0.0596,0.0645,0.8309,0.813,0.7623,0.795,0.8194,0.5839,0.7632,0.1261,0.1382,0.0657,0.0591,0.0644,1.4694,1.4713,0.1064,0.1113,0.1156,0.054,0.0596,0.0595,0.0605,0.0583,0.0612
34801.017,37.2,0.0595,0.0589,0.0617,0.0585,0.0584,0.0586,0.0589,0.0592,0.059,0.0591,0.0587,0.0591,0.0602,0.983,0.9431,0.1223,0.128,0.1199,0.0532,0.0573,0.0579,0.0593,0.058,0.0591,0.071,0.9215,0.9116,0.8898,0.9105,0.9226,0.0918,0.117,0.1182,0.0634,0.0572,0.0621,0.0614,0.8455,0.9023,0.1119,0.4228,0.141,0.0586,0.075,0.0599,0.0601,0.0572,0.06,0.0638,0.9015,0.8691,0.1026,0.4146,0.1304,0.0579,0.0722,0.0596,0.0591,0.0594,0.0592,0.0613,0.8568,0.8476,0.1081,0.151,0.1323,0.0563,0.073,0.0585,0.0597,0.0576,0.0599,0.0645,0.8627,0.8392,0.7881,0.8172,0.8397,0.6164,0.786,0.1304,0.1335,0.0622,0.0593,0.0643,1.4872,1.4903,0.1045,0.1068,0.1169,0.0542,0.0602,0.0597,0.0607,0.0585,0.0608
36001.051,37.2,0.0596,0.0589,0.0617,0.0586,0.0584,0.0586,0.0589,0.0591,0.0589,0.0592,0.0587,0.0592,0.0603,1.0013,0.9621,0.1196,0.1299,0.1196,0.053,0.0569,0.0579,0.0594,0.0582,0.0591,0.0679,0.9506,0.9368,0.9081,0.9383,0.9418,0.0891,0.1137,0.1151,0.0634,0.0572,0.0622,0.0615,0.8645,0.9215,0.1091,0.4418,0.1375,0.0584,0.0743,0.0598,0.0599,0.0572,0.0599,0.0648,0.9191,0.893,0.1012,0.442,0.1262,0.0571,0.0714,0.0595,0.0593,0.0572,0.0593,0.0615,0.8687,0.8594,0.1045,0.1533,0.1307,0.0563,0.0723,0.0585,0.0596,0.0576,0.0598,0.0644,0.8782,0.8583,0.8107,0.8345,0.8626,0.6481,0.8176,0.136,0.1332,0.0628,0.0593,0.0636,1.5024,1.4996,0.1038,0.1073,0.1169,0.0543,0.06,0.0598,0.0608,0.0586,0.0611
37201.078,37.2,0.0596,0.059,0.0618,0.0586,0.0584,0.0586,0.059,0.0591,0.059,0.0591,0.0588,0.0593,0.0602,1.0175,0.9854,0.1182,0.1231,0.1162,0.0531,0.057,0.058,0.0595,0.0582,0.0593,0.0657,0.968,0.9642,0.9396,0.9594,0.9637,0.0869,0.1116,0.1135,0.0629,0.0574,0.0623,0.0613,0.8793,0.9466,0.1057,0.4837,0.1347,0.0579,0.0738,0.0599,0.06,0.0572,0.0599,0.0631,0.9394,0.9174,0.1,0.468,0.1249,0.0572,0.0704,0.0596,0.0594,0.0624,0.0595,0.0613,0.8957,0.8942,0.1027,0.1579,0.132,0.0559,0.0721,0.0587,0.0597,0.0579,0.0598,0.0646,0.9036,0.892,0.8338,0.8665,0.8947,0.6753,0.8432,0.1446,0.1311,0.0621,0.0594,0.0632,1.5166,1.5116,0.1056,0.1084,0.1169,0.0543,0.0605,0.0599,0.0608,0.0589,0.0611
38401.107,37.2,0.0599,0.0591,0.0618,0.0587,0.0584,0.0587,0.059,0.0592,0.0591,0.0591,0.0588,0.0592,0.0606,1.0351,1.0129,0.117,0.1188,0.1155,0.0532,0.0572,0.0582,0.0603,0.0582,0.0594,0.0705,0.9898,0.9838,0.9566,0.9768,0.9881,0.0867,0.1114,0.1118,0.0628,0.0571,0.0624,0.0617,0.9045,0.9624,0.1043,0.4974,0.1308,0.0576,0.0727,0.0602,0.0603,0.0574,0.0601,0.0642,0.9708,0.9468,0.1006,0.4914,0.1237,0.0565,0.0702,0.0594,0.0596,0.0575,0.0595,0.0617,0.922,0.9122,0.0995,0.1616,0.1256,0.0565,0.0717,0.0595,0.06,0.0578,0.06,0.0634,0.9279,0.912,0.8687,0.898,0.9131,0.6991,0.863,0.1525,0.1279,0.0612,0.0598,0.0632,1.5294,1.5192,0.1043,0.1084,0.1161,0.0544,0.0602,0.06,0.0612,0.0591,0.0613
39601.143,37.2,0.0599,0.0591,0.0619,0.0587,0.0585,0.0587,0.059,0.0592,0.0591,0.0593,0.0589,0.0595,0.0606,1.0552,1.0288,0.1152,0.1179,0.1142,0.0533,0.0577,0.0582,0.0605,0.0583,0.0594,0.0667,1.0071,1.0008,0.9802,1.0008,1.0055,0.0845,0.1077,0.1091,0.0626,0.0573,0.0626,0.0618,0.9183,0.9804,0.1022,0.5417,0.1288,0.0573,0.0724,0.0603,0.0602,0.0574,0.0601,0.0635,0.9837,0.9646,0.0974,0.5376,0.1211,0.057,0.0698,0.0596,0.0594,0.0615,0.0596,0.0617,0.923,0.9234,0.0983,0.1648,0.1237,0.0559,0.0714,0.0586,0.0602,0.0579,0.06,0.063,0.9436,0.9329,0.8803,0.9175,0.9342,0.7212,0.8821,0.1655,0.1286,0.061,0.0597,0.063,1.5367,1.5264,0.1043,0.1081,0.1162,0.0545,0.0601,0.0603,0.0612,0.0594,0.0611
40801.159,37.2,0.0603,0.0592,0.0619,0.0587,0.0585,0.0588,0.059,0.0593,0.0592,0.0594,0.0591,0.0596,0.0607,1.0607,1.0344,0.1138,0.1161,0.1112,0.0539,0.0573,0.0583,0.0598,0.0585,0.0596,0.0696,1.0329,1.0227,1.0013,1.0163,1.0227,0.0831,0.1063,0.1085,0.063,0.0573,0.0627,0.0617,0.9401,1.0051,0.1026,0.5701,0.1279,0.0574,0.0718,0.0601,0.0604,0.0576,0.0603,0.0629,1.0085,0.9873,0.0971,0.5586,0.1201,0.0564,0.069,0.0596,0.0595,0.0577,0.0597,0.0619,0.9557,0.9519,0.0976,0.177,0.1257,0.057,0.0713,0.0588,0.0601,0.0581,0.0602,0.0627,0.9638,0.9554,0.9107,0.9449,0.9595,0.7477,0.9049,0.1802,0.1275,0.0612,0.0598,0.063,1.554,1.5394,0.1049,0.1072,0.1163,0.0545,0.0603,0.0603,0.0614,0.0598,0.0611
42001.19,37.3,0.0603,0.0593,0.0619,0.0589,0.0587,0.0588,0.0592,0.0594,0.0593,0.0595,0.0591,0.0596,0.0609,1.0738,1.036,0.1112,0.1146,0.1101,0.0534,0.0574,0.0583,0.0601,0.0585,0.0597,0.0676,1.0489,1.0402,1.02,1.0286,1.033,0.082,0.1047,0.1059,0.063,0.0573,0.0627,0.0619,0.9485,1.0216,0.1009,0.5997,0.1249,0.0577,0.071,0.0601,0.0604,0.0576,0.0604,0.0645,1.0293,0.997,0.0966,0.597,0.1168,0.0564,0.0688,0.0597,0.0594,0.0578,0.0598,0.0621,0.9699,0.9607,0.0973,0.1846,0.1216,0.0562,0.0711,0.0589,0.0607,0.0583,0.0603,0.0618,0.9837,0.9775,0.9285,0.9666,0.9786,0.7768,0.9316,0.1966,0.1283,0.0617,0.06,0.0631,1.5611,1.5435,0.1049,0.1081,0.1156,0.0547,0.0609,0.0603,0.0616,0.0601,0.0612